16:26:59,161 28.11.2013	

time [s];Voltage over 220Ohm;Current in[mA];Voltage out
0,000;0,000;-0,011;-0,049;1,398
0,081;3,600;-0,011;-0,049;1,398
0,181;3,300;-0,011;-0,049;1,398
0,281;3,300;-0,011;-0,049;1,398
0,381;3,300;-0,011;-0,049;1,398
0,481;3,300;-0,011;-0,049;1,398
0,581;3,300;-0,011;-0,049;1,398
0,681;3,300;-0,011;-0,049;1,398
0,781;3,300;-0,011;-0,049;1,398
0,881;3,300;-0,011;-0,049;1,398
0,981;3,300;-0,011;-0,049;1,398
1,081;3,300;-0,011;-0,049;1,398
1,181;3,300;-0,011;-0,049;1,398
1,281;3,300;-0,011;-0,049;1,398
1,381;3,300;-0,011;-0,049;1,398
1,481;3,300;-0,011;-0,049;1,398
1,581;3,300;-0,011;-0,049;1,398
1,681;3,300;-0,011;-0,049;1,398
1,781;3,300;0,487;2,215;1,398
1,881;3,300;1,199;5,451;1,399
1,981;3,300;0,804;3,656;1,398
2,081;3,300;0,804;3,654;1,398
2,181;3,300;0,804;3,655;1,398
2,281;3,300;0,804;3,653;1,398
2,381;3,300;0,804;3,654;1,398
2,481;3,300;0,803;3,652;1,398
2,581;3,300;0,804;3,654;1,398
2,681;3,300;0,803;3,652;1,398
2,781;3,300;0,804;3,653;1,398
2,881;3,300;0,804;3,653;1,398
2,981;3,300;0,804;3,653;1,398
3,081;3,300;0,804;3,654;1,398
3,181;3,300;0,804;3,656;1,398
3,281;3,300;0,804;3,652;1,398
3,381;3,300;0,804;3,654;1,398
3,481;3,300;0,804;3,656;1,398
3,581;3,300;0,804;3,654;1,398
3,681;3,300;0,804;3,655;1,398
3,781;3,300;0,805;3,657;1,398
3,881;3,300;0,804;3,654;1,398
3,981;3,300;0,804;3,656;1,398
4,081;3,300;0,804;3,656;1,398
4,181;3,300;0,804;3,657;1,398
4,281;3,300;0,805;3,657;1,398
4,381;3,300;0,805;3,657;1,398
4,481;3,300;0,805;3,657;1,398
4,581;3,300;0,805;3,657;1,398
4,681;3,300;0,804;3,656;1,398
4,781;3,300;0,804;3,657;1,398
4,881;3,300;0,804;3,657;1,398
4,981;3,300;0,804;3,657;1,398
5,081;3,300;0,805;3,657;1,398
5,181;3,300;0,805;3,658;1,398
5,281;3,300;0,805;3,660;1,398
5,381;3,300;0,804;3,656;1,398
5,481;3,300;0,805;3,659;1,398
5,581;3,300;0,805;3,659;1,398
5,681;3,300;0,805;3,657;1,398
5,781;3,300;0,806;3,662;1,398
5,881;3,300;0,804;3,656;1,398
5,981;3,300;0,806;3,662;1,398
6,081;3,300;0,805;3,657;1,398
6,181;3,300;0,806;3,662;1,398
6,281;3,300;0,804;3,657;1,398
6,381;3,300;0,806;3,662;1,398
6,481;3,300;0,805;3,657;1,398
6,581;3,300;0,805;3,661;1,398
6,681;3,300;0,805;3,660;1,398
6,781;3,300;0,805;3,659;1,398
6,881;3,300;0,806;3,663;1,398
6,981;3,300;0,805;3,659;1,398
7,081;3,300;0,805;3,660;1,398
7,181;3,300;0,806;3,663;1,398
7,281;3,300;0,805;3,661;1,398
7,381;3,300;0,805;3,659;1,397
7,481;3,300;0,806;3,662;1,398
7,581;3,300;0,806;3,663;1,398
7,681;3,300;0,805;3,659;1,398
7,781;3,300;0,805;3,661;1,398
7,881;3,300;0,806;3,662;1,398
7,981;3,300;0,806;3,663;1,398
8,081;3,300;0,805;3,659;1,398
8,181;3,300;0,805;3,661;1,398
8,281;3,300;0,806;3,662;1,398
8,381;3,300;0,806;3,663;1,398
8,481;3,300;0,806;3,663;1,398
8,581;3,300;0,805;3,660;1,398
8,681;3,300;0,805;3,660;1,398
8,782;3,300;0,805;3,661;1,398
8,882;3,300;0,806;3,662;1,398
8,982;3,300;0,806;3,663;1,398
9,082;3,300;0,806;3,663;1,398
9,182;3,300;0,805;3,660;1,398
9,282;3,300;0,805;3,661;1,398
9,382;3,300;0,806;3,661;1,398
9,482;3,300;0,806;3,662;1,398
9,582;3,300;0,806;3,664;1,398
9,682;3,300;0,805;3,661;1,398
9,782;3,300;0,805;3,661;1,398
9,894;3,300;0,806;3,661;1,398
9,982;3,300;0,806;3,662;1,398
10,082;3,300;0,806;3,663;1,398
10,182;3,300;0,806;3,663;1,398
10,282;3,300;0,806;3,663;1,398
10,382;3,300;0,806;3,663;1,398
10,482;3,300;0,805;3,661;1,398
10,582;3,300;0,806;3,662;1,397
10,682;3,300;0,806;3,662;1,398
10,782;3,300;0,806;3,662;1,398
10,882;3,300;0,806;3,662;1,398
10,982;3,300;0,806;3,662;1,398
11,082;3,300;0,806;3,662;1,397
11,182;3,300;0,806;3,663;1,397
11,282;3,300;0,806;3,663;1,397
11,382;3,300;0,806;3,663;1,398
11,482;3,300;0,806;3,662;1,398
11,582;3,300;0,806;3,661;1,398
11,682;3,300;0,806;3,662;1,397
11,782;3,300;0,806;3,662;1,398
11,882;3,300;0,806;3,662;1,398
11,982;3,300;0,806;3,661;1,398
12,082;3,300;0,805;3,661;1,397
12,182;3,300;0,806;3,662;1,398
12,282;3,300;0,806;3,663;1,398
12,382;3,300;0,806;3,663;1,398
12,482;3,300;0,806;3,663;1,397
12,582;3,300;0,806;3,662;1,397
12,682;3,300;0,806;3,663;1,397
12,782;3,300;0,806;3,663;1,397
12,882;3,300;0,806;3,663;1,398
12,982;3,300;0,806;3,663;1,398
13,082;3,300;0,806;3,663;1,397
13,182;3,300;0,806;3,663;1,397
13,282;3,300;0,806;3,663;1,398
13,382;3,300;0,806;3,663;1,397
13,482;3,300;0,806;3,663;1,398
13,582;3,300;0,806;3,663;1,397
13,682;3,300;0,806;3,663;1,398
13,782;3,300;0,806;3,663;1,398
13,882;3,300;0,806;3,663;1,398
13,982;3,300;0,806;3,663;1,397
14,082;3,300;0,806;3,664;1,397
14,182;3,300;0,806;3,663;1,397
14,282;3,300;0,806;3,663;1,398
14,382;3,300;0,806;3,663;1,397
14,482;3,300;0,806;3,663;1,398
14,582;3,300;0,806;3,663;1,398
14,682;3,300;0,806;3,664;1,398
14,782;3,300;0,806;3,664;1,398
14,882;3,300;0,806;3,663;1,397
14,982;3,300;0,806;3,663;1,397
15,082;3,300;0,806;3,663;1,397
15,182;3,300;0,806;3,663;1,397
15,282;3,300;0,806;3,662;1,398
15,382;3,300;0,806;3,663;1,398
15,482;3,300;0,806;3,663;1,398
15,582;3,300;0,806;3,663;1,398
15,682;3,300;0,806;3,664;1,398
15,781;3,300;0,806;3,664;1,398
15,881;3,300;0,806;3,665;1,398
15,981;3,300;0,806;3,664;1,397
16,081;3,300;0,806;3,663;1,397
16,181;3,300;0,806;3,663;1,397
16,281;3,300;0,806;3,663;1,398
16,381;3,300;0,806;3,663;1,397
16,481;3,300;0,806;3,662;1,397
16,581;3,300;0,806;3,663;1,397
16,681;3,300;0,806;3,663;1,397
16,781;3,300;0,806;3,664;1,397
16,881;3,300;0,806;3,664;1,398
16,981;3,300;0,806;3,664;1,397
17,081;3,300;0,806;3,664;1,398
17,181;3,300;0,806;3,664;1,398
17,281;3,300;0,806;3,664;1,397
17,381;3,300;0,806;3,663;1,398
17,481;3,300;0,806;3,663;1,397
17,581;3,300;0,806;3,662;1,397
17,681;3,300;0,806;3,662;1,397
17,781;3,300;0,806;3,663;1,398
17,881;3,300;0,806;3,663;1,397
17,981;3,300;0,806;3,663;1,398
18,081;3,300;0,806;3,664;1,398
18,181;3,300;0,806;3,665;1,398
18,281;3,300;0,806;3,665;1,397
18,381;3,300;0,806;3,665;1,398
18,481;3,300;0,806;3,663;1,398
18,581;3,300;0,806;3,662;1,397
18,681;3,300;0,806;3,663;1,397
18,781;3,300;0,806;3,663;1,397
18,881;3,300;0,806;3,664;1,397
18,981;3,300;0,806;3,664;1,397
19,081;3,300;0,806;3,664;1,397
19,181;3,300;0,806;3,664;1,397
19,281;3,300;0,806;3,664;1,397
19,381;3,300;0,806;3,664;1,398
19,481;3,300;0,806;3,665;1,397
19,581;3,300;0,806;3,663;1,397
19,681;3,300;0,806;3,662;1,398
19,781;3,300;0,806;3,663;1,397
19,881;3,300;0,806;3,663;1,397
19,981;3,300;0,806;3,663;1,397
20,081;3,300;0,806;3,664;1,397
20,181;3,300;0,806;3,664;1,397
20,281;3,300;0,806;3,664;1,398
20,381;3,300;0,806;3,665;1,398
20,481;3,300;0,806;3,665;1,397
20,581;3,300;0,806;3,664;1,398
20,681;3,300;0,806;3,663;1,397
20,781;3,300;0,806;3,663;1,397
20,881;3,300;0,806;3,663;1,397
20,981;3,300;0,806;3,663;1,397
21,081;3,300;0,806;3,664;1,397
21,181;3,300;0,806;3,664;1,397
21,281;3,300;0,806;3,664;1,397
21,381;3,300;0,806;3,665;1,398
21,481;3,300;0,806;3,665;1,398
21,581;3,300;0,806;3,664;1,397
21,681;3,300;0,806;3,662;1,398
21,781;3,300;0,806;3,663;1,398
21,881;3,300;0,806;3,663;1,397
21,981;3,300;0,806;3,663;1,397
22,081;3,300;0,806;3,663;1,398
22,181;3,300;0,806;3,664;1,398
22,281;3,300;0,806;3,664;1,398
22,381;3,300;0,806;3,664;1,397
22,481;3,300;0,806;3,665;1,397
22,581;3,300;0,806;3,665;1,398
22,681;3,300;0,806;3,664;1,397
22,781;3,300;0,806;3,663;1,398
22,881;3,300;0,806;3,663;1,398
22,981;3,300;0,806;3,663;1,397
23,081;3,300;0,806;3,664;1,397
23,181;3,300;0,806;3,663;1,397
23,281;3,300;0,806;3,664;1,397
23,381;3,300;0,806;3,664;1,397
23,481;3,300;0,806;3,665;1,397
23,581;3,300;0,806;3,663;1,397
23,681;3,300;0,806;3,662;1,397
23,781;3,300;0,806;3,664;1,398
23,881;3,300;0,806;3,664;1,397
23,981;3,300;0,806;3,665;1,398
24,081;3,300;0,806;3,666;1,398
24,181;3,300;0,806;3,665;1,397
24,281;3,300;0,806;3,662;1,398
24,381;3,300;0,806;3,664;1,398
24,481;3,300;0,806;3,665;1,397
24,581;3,300;0,806;3,666;1,398
24,681;3,300;0,807;3,666;1,397
24,781;3,300;0,806;3,663;1,398
24,881;3,300;0,806;3,663;1,397
24,981;3,300;0,806;3,664;1,397
25,081;3,300;0,806;3,665;1,397
25,181;3,300;0,807;3,666;1,397
25,281;3,300;0,806;3,666;1,397
25,381;3,300;0,806;3,662;1,397
25,481;3,300;0,806;3,663;1,397
25,581;3,300;0,806;3,664;1,398
25,681;3,300;0,806;3,665;1,397
25,781;3,300;0,807;3,666;1,397
25,881;3,300;0,806;3,665;1,397
25,981;3,300;0,806;3,662;1,397
26,081;3,300;0,806;3,663;1,397
26,181;3,300;0,806;3,664;1,397
26,282;3,300;0,806;3,664;1,398
26,382;3,300;0,806;3,665;1,397
26,482;3,300;0,806;3,666;1,398
26,582;3,300;0,806;3,664;1,398
26,682;3,300;0,806;3,662;1,398
26,782;3,300;0,806;3,663;1,398
26,882;3,300;0,806;3,664;1,397
26,982;3,300;0,806;3,665;1,398
27,082;3,300;0,806;3,665;1,398
27,182;3,300;0,806;3,665;1,398
27,282;3,300;0,806;3,664;1,397
27,382;3,300;0,806;3,663;1,398
27,482;3,300;0,806;3,662;1,397
27,582;3,300;0,806;3,663;1,398
27,682;3,300;0,806;3,663;1,397
27,782;3,300;0,806;3,663;1,397
27,882;3,300;0,806;3,664;1,397
27,982;3,300;0,806;3,665;1,397
28,082;3,300;0,806;3,666;1,397
28,182;3,300;0,806;3,665;1,397
28,282;3,300;0,806;3,663;1,398
28,382;3,300;0,806;3,663;1,398
28,482;3,300;0,806;3,664;1,397
28,582;3,300;0,806;3,663;1,398
28,682;3,300;0,806;3,664;1,398
28,782;3,300;0,806;3,665;1,397
28,882;3,300;0,806;3,665;1,398
28,982;3,300;0,806;3,665;1,398
29,082;3,300;0,806;3,663;1,398
29,182;3,300;0,806;3,662;1,398
29,282;3,300;0,806;3,663;1,397
29,382;3,300;0,806;3,664;1,398
29,482;3,300;0,806;3,664;1,398
29,582;3,300;0,806;3,665;1,397
29,682;3,300;0,806;3,665;1,398
29,782;3,300;0,806;3,665;1,398
29,882;3,300;0,806;3,663;1,398
29,982;3,300;0,806;3,663;1,397
30,082;3,300;0,806;3,663;1,398
30,182;3,300;0,806;3,663;1,398
30,282;3,300;0,806;3,664;1,397
30,382;3,300;0,806;3,664;1,397
30,482;3,300;0,806;3,664;1,397
30,582;3,300;0,807;3,666;1,397
30,682;3,300;0,806;3,664;1,397
30,782;3,300;0,806;3,662;1,397
30,882;3,300;0,806;3,663;1,397
30,982;3,300;0,806;3,663;1,397
31,082;3,300;0,806;3,664;1,398
31,182;3,300;0,806;3,665;1,398
31,282;3,300;0,806;3,665;1,397
31,382;3,300;0,806;3,665;1,398
31,482;3,300;0,806;3,662;1,397
31,582;3,300;0,806;3,663;1,397
31,682;3,300;0,806;3,664;1,397
31,782;3,300;0,806;3,664;1,398
31,882;3,300;0,806;3,665;1,398
31,982;3,300;0,806;3,665;1,398
32,082;3,300;0,806;3,664;1,397
32,182;3,300;0,806;3,662;1,397
32,282;3,300;0,806;3,663;1,398
32,382;3,300;0,806;3,663;1,397
32,482;3,300;0,806;3,664;1,397
32,582;3,300;0,806;3,664;1,397
32,682;3,300;0,806;3,665;1,397
32,782;3,300;0,806;3,666;1,398
32,882;3,300;0,806;3,662;1,398
32,982;3,300;0,806;3,663;1,398
33,082;3,300;0,806;3,663;1,398
33,182;3,300;0,806;3,664;1,398
33,281;3,300;0,806;3,665;1,397
33,381;3,300;0,806;3,665;1,397
33,481;3,300;0,806;3,665;1,398
33,581;3,300;0,806;3,662;1,398
33,681;3,300;0,806;3,663;1,397
33,781;3,300;0,806;3,663;1,397
33,881;3,300;0,806;3,664;1,397
33,981;3,300;0,806;3,664;1,397
34,081;3,300;0,806;3,665;1,397
34,181;3,300;0,806;3,666;1,397
34,281;3,300;0,806;3,663;1,398
34,381;3,300;0,806;3,663;1,397
34,481;3,300;0,806;3,664;1,397
34,581;3,300;0,806;3,664;1,398
34,681;3,300;0,806;3,665;1,398
34,781;3,300;0,806;3,666;1,398
34,881;3,300;0,807;3,666;1,397
34,981;3,300;0,806;3,663;1,398
35,081;3,300;0,806;3,663;1,398
35,181;3,300;0,806;3,664;1,398
35,281;3,300;0,806;3,665;1,397
35,381;3,300;0,806;3,665;1,397
35,481;3,300;0,806;3,665;1,398
35,581;3,300;0,806;3,665;1,397
35,681;3,300;0,806;3,662;1,397
35,781;3,300;0,806;3,663;1,398
35,881;3,300;0,806;3,664;1,398
35,981;3,300;0,806;3,665;1,397
36,081;3,300;0,807;3,666;1,398
36,181;3,300;0,806;3,665;1,397
36,281;3,300;0,806;3,663;1,397
36,381;3,300;0,806;3,664;1,397
36,481;3,300;0,806;3,664;1,397
36,581;3,300;0,806;3,665;1,397
36,681;3,300;0,806;3,665;1,398
36,781;3,300;0,806;3,665;1,397
36,881;3,300;0,806;3,663;1,398
36,981;3,300;0,806;3,663;1,398
37,081;3,300;0,806;3,663;1,397
37,181;3,300;0,806;3,664;1,397
37,281;3,300;0,806;3,665;1,397
37,381;3,300;0,807;3,666;1,397
37,481;3,300;0,807;3,666;1,397
37,581;3,300;0,806;3,662;1,398
37,681;3,300;0,806;3,664;1,397
37,781;3,300;0,806;3,665;1,398
37,881;3,300;0,806;3,665;1,397
37,981;3,300;0,807;3,666;1,398
38,081;3,300;0,806;3,663;1,397
38,181;3,300;0,806;3,663;1,398
38,281;3,300;0,806;3,663;1,398
38,381;3,300;0,806;3,664;1,398
38,481;3,300;0,806;3,665;1,398
38,581;3,300;0,806;3,666;1,398
38,681;3,300;0,806;3,665;1,397
38,781;3,300;0,806;3,662;1,398
38,881;3,300;0,806;3,663;1,397
38,981;3,300;0,806;3,664;1,397
39,081;3,300;0,806;3,664;1,397
39,181;3,300;0,806;3,665;1,397
39,281;3,300;0,806;3,666;1,397
39,381;3,300;0,806;3,664;1,397
39,481;3,300;0,806;3,662;1,398
39,581;3,300;0,806;3,663;1,397
39,681;3,300;0,806;3,664;1,397
39,781;3,300;0,806;3,664;1,397
39,881;3,300;0,806;3,665;1,397
39,981;3,300;0,807;3,666;1,398
40,081;3,300;0,806;3,663;1,398
40,181;3,300;0,806;3,663;1,397
40,281;3,300;0,806;3,664;1,398
40,381;3,300;0,806;3,665;1,397
40,481;3,300;0,806;3,665;1,398
40,581;3,300;0,807;3,667;1,397
40,681;3,300;0,806;3,664;1,398
40,781;3,300;0,806;3,663;1,397
40,881;3,300;0,806;3,663;1,397
40,981;3,300;0,806;3,664;1,397
41,081;3,300;0,806;3,664;1,398
41,181;3,300;0,806;3,665;1,397
41,281;3,300;0,806;3,666;1,397
41,381;3,300;0,806;3,665;1,397
41,481;3,300;0,806;3,662;1,397
41,581;3,300;0,806;3,663;1,397
41,681;3,300;0,806;3,664;1,397
41,781;3,300;0,806;3,664;1,397
41,881;3,300;0,806;3,665;1,397
41,981;3,300;0,806;3,666;1,398
42,081;3,300;0,806;3,663;1,397
42,181;3,300;0,806;3,663;1,398
42,281;3,300;0,806;3,663;1,398
42,381;3,300;0,806;3,664;1,398
42,481;3,300;0,806;3,665;1,398
42,581;3,300;0,806;3,665;1,398
42,681;3,300;0,806;3,665;1,398
42,781;3,300;0,806;3,662;1,398
42,881;3,300;0,806;3,663;1,397
42,981;3,300;0,806;3,664;1,397
43,081;3,300;0,806;3,664;1,398
43,181;3,300;0,806;3,666;1,397
43,281;3,300;0,806;3,666;1,398
43,381;3,300;0,806;3,662;1,397
43,481;3,300;0,806;3,663;1,397
43,581;3,300;0,806;3,664;1,398
43,681;3,300;0,806;3,664;1,397
43,782;3,300;0,806;3,664;1,398
43,882;3,300;0,806;3,665;1,397
43,982;3,300;0,806;3,665;1,398
44,082;3,300;0,806;3,665;1,398
44,182;3,300;0,806;3,664;1,398
44,282;3,300;0,806;3,663;1,398
44,382;3,300;0,806;3,663;1,397
44,482;3,300;0,806;3,663;1,398
44,582;3,300;0,806;3,663;1,398
44,682;3,300;0,806;3,664;1,398
44,782;3,300;0,806;3,665;1,398
44,882;3,300;0,806;3,665;1,397
44,982;3,300;0,806;3,665;1,398
45,082;3,300;0,806;3,664;1,397
45,182;3,300;0,806;3,663;1,398
45,282;3,300;0,806;3,662;1,398
45,382;3,300;0,806;3,663;1,397
45,482;3,300;0,806;3,663;1,398
45,582;3,300;0,806;3,664;1,397
45,682;3,300;0,806;3,664;1,398
45,782;3,300;0,806;3,664;1,397
45,882;3,300;0,806;3,664;1,398
45,982;3,300;0,806;3,664;1,398
46,082;3,300;0,806;3,664;1,398
46,182;3,300;0,806;3,664;1,397
46,282;3,300;0,806;3,664;1,397
46,382;3,300;0,806;3,663;1,398
46,482;3,300;0,806;3,662;1,398
46,582;3,300;0,806;3,663;1,398
46,682;3,300;0,806;3,665;1,398
46,782;3,300;0,806;3,664;1,398
46,882;3,300;0,806;3,665;1,398
46,982;3,300;0,806;3,664;1,397
47,082;3,300;0,806;3,664;1,397
47,182;3,300;0,806;3,662;1,398
47,282;3,300;0,806;3,663;1,398
47,382;3,300;0,806;3,663;1,397
47,482;3,300;0,806;3,663;1,397
47,582;3,300;0,806;3,664;1,397
47,682;3,300;0,806;3,664;1,397
47,782;3,300;0,807;3,667;1,397
47,882;3,300;0,806;3,664;1,398
47,982;3,300;0,806;3,663;1,398
48,082;3,300;0,806;3,663;1,398
48,182;3,300;0,806;3,664;1,398
48,282;3,300;0,806;3,666;1,397
48,382;3,300;0,807;3,666;1,398
48,482;3,300;0,806;3,663;1,398
48,582;3,300;0,806;3,663;1,397
48,682;3,300;0,806;3,664;1,398
48,782;3,300;0,806;3,665;1,397
48,882;3,300;0,806;3,666;1,398
48,982;3,300;0,806;3,665;1,398
49,082;3,300;0,806;3,662;1,397
49,182;3,300;0,806;3,663;1,398
49,282;3,300;0,806;3,664;1,397
49,382;3,300;0,806;3,666;1,397
49,482;3,300;0,807;3,666;1,398
49,582;3,300;0,806;3,662;1,398
49,682;3,300;0,806;3,663;1,398
49,782;3,300;0,806;3,665;1,398
49,882;3,300;0,806;3,666;1,397
49,982;3,300;0,806;3,666;1,398
50,082;3,300;0,806;3,664;1,397
50,182;3,300;0,806;3,662;1,397
50,282;3,300;0,806;3,663;1,398
50,382;3,300;0,806;3,664;1,398
50,482;3,300;0,806;3,664;1,397
50,582;3,300;0,806;3,665;1,397
50,682;3,300;0,806;3,665;1,398
50,781;3,300;0,806;3,665;1,397
50,881;3,300;0,806;3,663;1,398
50,981;3,300;0,806;3,663;1,398
51,081;3,300;0,806;3,664;1,398
51,181;3,300;0,806;3,664;1,398
51,281;3,300;0,806;3,664;1,397
51,381;3,300;0,806;3,664;1,398
51,481;3,300;0,806;3,665;1,398
51,581;3,300;0,806;3,665;1,398
51,681;3,300;0,806;3,664;1,398
51,781;3,300;0,806;3,662;1,397
51,881;3,300;0,806;3,663;1,397
51,981;3,300;0,806;3,663;1,398
52,081;3,300;0,806;3,664;1,398
52,181;3,300;0,806;3,665;1,398
52,281;3,300;0,806;3,665;1,398
52,381;3,300;0,806;3,666;1,398
52,481;3,300;0,806;3,663;1,398
52,581;3,300;0,806;3,663;1,398
52,681;3,300;0,806;3,663;1,398
52,781;3,300;0,806;3,664;1,398
52,881;3,300;0,806;3,664;1,397
52,981;3,300;0,806;3,665;1,397
53,081;3,300;0,806;3,666;1,398
53,181;3,300;0,806;3,663;1,398
53,281;3,300;0,806;3,663;1,397
53,381;3,300;0,806;3,663;1,398
53,481;3,300;0,806;3,663;1,398
53,581;3,300;0,806;3,664;1,397
53,681;3,300;0,806;3,664;1,397
53,781;3,300;0,806;3,664;1,398
53,881;3,300;0,807;3,666;1,397
53,981;3,300;0,806;3,665;1,398
54,081;3,300;0,806;3,662;1,398
54,181;3,300;0,806;3,664;1,397
54,281;3,300;0,806;3,664;1,398
54,381;3,300;0,806;3,666;1,398
54,481;3,300;0,806;3,665;1,397
54,581;3,300;0,806;3,662;1,398
54,681;3,300;0,806;3,663;1,397
54,781;3,300;0,806;3,664;1,397
54,881;3,300;0,806;3,664;1,397
54,981;3,300;0,806;3,665;1,398
55,081;3,300;0,807;3,666;1,397
55,181;3,300;0,806;3,663;1,397
55,281;3,300;0,806;3,663;1,397
55,381;3,300;0,806;3,663;1,398
55,481;3,300;0,806;3,664;1,397
55,581;3,300;0,806;3,664;1,397
55,681;3,300;0,806;3,664;1,398
55,781;3,300;0,806;3,664;1,398
55,881;3,300;0,806;3,665;1,397
55,981;3,300;0,806;3,665;1,398
56,081;3,300;0,806;3,662;1,397
56,181;3,300;0,806;3,663;1,397
56,281;3,300;0,806;3,663;1,397
56,381;3,300;0,806;3,664;1,397
56,481;3,300;0,806;3,664;1,397
56,581;3,300;0,806;3,665;1,398
56,681;3,300;0,806;3,665;1,398
56,781;3,300;0,806;3,665;1,397
56,881;3,300;0,806;3,662;1,398
56,981;3,300;0,806;3,663;1,398
57,081;3,300;0,806;3,663;1,398
57,181;3,300;0,806;3,665;1,397
57,281;3,300;0,806;3,665;1,397
57,381;3,300;0,806;3,665;1,397
57,481;3,300;0,806;3,664;1,398
57,581;3,300;0,806;3,662;1,398
57,681;3,300;0,806;3,663;1,398
57,781;3,300;0,806;3,663;1,397
57,881;3,300;0,806;3,663;1,397
57,981;3,300;0,806;3,663;1,398
58,081;3,300;0,806;3,663;1,397
58,181;3,300;0,806;3,664;1,398
58,281;3,300;0,806;3,664;1,398
58,381;3,300;0,806;3,664;1,398
58,481;3,300;0,806;3,664;1,398
58,581;3,300;0,806;3,664;1,397
58,681;3,300;0,806;3,664;1,398
58,781;3,300;0,806;3,662;1,398
58,881;3,300;0,806;3,663;1,398
58,981;3,300;0,806;3,663;1,398
59,081;3,300;0,806;3,664;1,398
59,181;3,300;0,806;3,664;1,397
59,281;3,300;0,806;3,664;1,398
59,381;3,300;0,806;3,664;1,397
59,481;3,300;0,806;3,663;1,397
59,581;3,300;0,806;3,665;1,397
59,681;3,300;0,806;3,664;1,397
59,781;3,300;0,806;3,662;1,398
59,881;3,300;0,806;3,663;1,397
59,981;3,300;0,806;3,663;1,397
60,081;3,300;0,806;3,664;1,398
60,181;3,300;0,806;3,664;1,397
60,281;3,300;0,806;3,664;1,397
60,381;3,300;0,806;3,664;1,398
60,481;3,300;0,806;3,665;1,397
60,581;3,300;0,806;3,664;1,398
60,681;3,300;0,806;3,662;1,398
60,781;3,300;0,806;3,662;1,397
60,881;3,300;0,806;3,663;1,398
60,981;3,300;0,806;3,663;1,398
61,081;3,300;0,806;3,664;1,397
61,181;3,300;0,806;3,665;1,398
61,282;3,300;0,806;3,665;1,398
61,383;3,300;0,806;3,663;1,398
61,482;3,300;0,806;3,662;1,397
61,582;3,300;0,806;3,662;1,397
61,682;3,300;0,806;3,663;1,398
61,782;3,300;0,806;3,663;1,398
61,882;3,300;0,806;3,664;1,398
61,982;3,300;0,806;3,665;1,398
62,082;3,300;0,806;3,665;1,397
62,182;3,300;0,806;3,665;1,398
62,282;3,300;0,806;3,663;1,397
62,382;3,300;0,806;3,662;1,397
62,482;3,300;0,806;3,663;1,398
62,582;3,300;0,806;3,663;1,398
62,682;3,300;0,806;3,663;1,398
62,782;3,300;0,806;3,663;1,398
62,882;3,300;0,806;3,664;1,398
62,982;3,300;0,806;3,665;1,398
63,082;3,300;0,806;3,664;1,397
63,182;3,300;0,806;3,664;1,398
63,282;3,300;0,806;3,664;1,398
63,382;3,300;0,806;3,664;1,398
63,482;3,300;0,806;3,662;1,397
63,582;3,300;0,806;3,663;1,398
63,682;3,300;0,806;3,663;1,398
63,782;3,300;0,806;3,663;1,398
63,882;3,300;0,806;3,663;1,398
63,982;3,300;0,806;3,664;1,398
64,086;3,300;0,806;3,664;1,398
64,186;3,300;0,806;3,664;1,398
64,282;3,300;0,806;3,664;1,398
64,382;3,300;0,806;3,664;1,397
64,482;3,300;0,806;3,665;1,398
64,582;3,300;0,806;3,664;1,397
64,682;3,300;0,806;3,663;1,398
64,782;3,300;0,806;3,663;1,398
64,882;3,300;0,806;3,664;1,398
64,982;3,300;0,806;3,663;1,397
65,082;3,300;0,806;3,664;1,398
65,182;3,300;0,806;3,664;1,398
65,282;3,300;0,806;3,665;1,398
65,382;3,300;0,806;3,664;1,397
65,482;3,300;0,806;3,665;1,398
65,582;3,300;0,806;3,665;1,398
65,682;3,300;0,806;3,665;1,398
65,782;3,300;0,806;3,664;1,398
65,882;3,300;0,806;3,663;1,397
65,982;3,300;0,806;3,663;1,398
66,082;3,300;0,806;3,664;1,398
66,182;3,300;0,806;3,664;1,398
66,282;3,300;0,806;3,664;1,398
66,382;3,300;0,806;3,664;1,398
66,482;3,300;0,806;3,664;1,398
66,582;3,300;0,806;3,665;1,397
66,682;3,300;0,806;3,665;1,398
66,782;3,300;0,806;3,665;1,397
66,882;3,300;0,806;3,665;1,398
66,982;3,300;0,806;3,664;1,398
67,082;3,300;0,806;3,663;1,397
67,182;3,300;0,806;3,664;1,398
67,282;3,300;0,806;3,665;1,397
67,382;3,300;0,806;3,666;1,398
67,482;3,300;0,807;3,667;1,398
67,582;3,300;0,806;3,664;1,398
67,682;3,300;0,806;3,663;1,398
67,782;3,300;0,806;3,664;1,397
67,882;3,300;0,806;3,665;1,398
67,982;3,300;0,806;3,665;1,397
68,082;3,300;0,807;3,667;1,398
68,181;3,300;0,806;3,663;1,398
68,281;3,300;0,806;3,663;1,398
68,381;3,300;0,806;3,663;1,398
68,481;3,300;0,806;3,664;1,398
68,581;3,300;0,806;3,665;1,397
68,681;3,300;0,806;3,666;1,398
68,781;3,300;0,807;3,666;1,398
68,881;3,300;0,806;3,665;1,398
68,981;3,300;0,806;3,663;1,398
69,081;3,300;0,806;3,663;1,398
69,181;3,300;0,806;3,664;1,397
69,281;3,300;0,806;3,664;1,398
69,381;3,300;0,806;3,664;1,398
69,481;3,300;0,806;3,664;1,397
69,581;3,300;0,806;3,665;1,398
69,681;3,300;0,806;3,665;1,398
69,781;3,300;0,807;3,666;1,398
69,881;3,300;0,806;3,664;1,397
69,981;3,300;0,806;3,664;1,397
70,081;3,300;0,806;3,664;1,398
70,181;3,300;0,806;3,664;1,398
70,281;3,300;0,806;3,664;1,398
70,381;3,300;0,806;3,664;1,397
70,481;3,300;0,806;3,664;1,398
70,581;3,300;0,806;3,665;1,398
70,681;3,300;0,806;3,665;1,398
70,781;3,300;0,806;3,665;1,397
70,881;3,300;0,806;3,665;1,397
70,981;3,300;0,806;3,663;1,398
71,081;3,300;0,806;3,664;1,397
71,181;3,300;0,806;3,664;1,398
71,281;3,300;0,806;3,664;1,397
71,381;3,300;0,806;3,664;1,398
71,481;3,300;0,806;3,664;1,397
71,581;3,300;0,806;3,665;1,398
71,681;3,300;0,806;3,665;1,398
71,781;3,300;0,806;3,666;1,398
71,881;3,300;0,807;3,666;1,398
71,981;3,300;0,806;3,665;1,398
72,081;3,300;0,806;3,663;1,398
72,181;3,300;0,806;3,663;1,398
72,281;3,300;0,806;3,664;1,398
72,381;3,300;0,806;3,664;1,398
72,481;3,300;0,806;3,664;1,397
72,581;3,300;0,806;3,664;1,397
72,681;3,300;0,806;3,665;1,398
72,781;3,300;0,806;3,665;1,398
72,881;3,300;0,806;3,665;1,398
72,981;3,300;0,806;3,665;1,398
73,081;3,300;0,806;3,666;1,398
73,181;3,300;0,806;3,665;1,397
73,281;3,300;0,806;3,663;1,398
73,381;3,300;0,806;3,663;1,398
73,481;3,300;0,806;3,663;1,397
73,581;3,300;0,806;3,664;1,397
73,681;3,300;0,806;3,664;1,398
73,781;3,300;0,806;3,665;1,397
73,881;3,300;0,806;3,666;1,398
73,981;3,300;0,806;3,665;1,397
74,081;3,300;0,806;3,666;1,397
74,181;3,300;0,806;3,663;1,398
74,281;3,300;0,806;3,663;1,398
74,381;3,300;0,806;3,664;1,397
74,481;3,300;0,806;3,664;1,398
74,581;3,300;0,806;3,665;1,398
74,681;3,300;0,806;3,665;1,398
74,781;3,300;0,806;3,665;1,398
74,881;3,300;0,807;3,666;1,398
74,981;3,300;0,806;3,665;1,397
75,081;3,300;0,806;3,663;1,397
75,181;3,300;0,806;3,663;1,398
75,281;3,300;0,806;3,664;1,397
75,381;3,300;0,806;3,664;1,397
75,481;3,300;0,806;3,664;1,398
75,581;3,300;0,806;3,664;1,398
75,681;3,300;0,806;3,665;1,398
75,781;3,300;0,806;3,665;1,398
75,881;3,300;0,806;3,665;1,398
75,981;3,300;0,806;3,666;1,398
76,081;3,300;0,806;3,665;1,398
76,181;3,300;0,806;3,663;1,398
76,281;3,300;0,806;3,663;1,397
76,381;3,300;0,806;3,664;1,398
76,481;3,300;0,806;3,665;1,397
76,581;3,300;0,806;3,665;1,397
76,681;3,300;0,806;3,666;1,398
76,781;3,300;0,807;3,666;1,398
76,881;3,300;0,806;3,664;1,397
76,981;3,300;0,806;3,663;1,398
77,081;3,300;0,806;3,664;1,397
77,181;3,300;0,806;3,664;1,397
77,281;3,300;0,806;3,664;1,398
77,381;3,300;0,806;3,665;1,397
77,481;3,300;0,806;3,666;1,397
77,581;3,300;0,807;3,666;1,398
77,681;3,300;0,806;3,663;1,397
77,781;3,300;0,806;3,664;1,398
77,881;3,300;0,806;3,664;1,398
77,981;3,300;0,806;3,665;1,398
78,081;3,300;0,806;3,665;1,397
78,181;3,300;0,806;3,665;1,398
78,281;3,300;0,806;3,665;1,397
78,381;3,300;0,806;3,665;1,398
78,481;3,300;0,806;3,664;1,397
78,581;3,300;0,806;3,663;1,397
78,682;3,300;0,806;3,664;1,398
78,782;3,300;0,806;3,665;1,398
78,882;3,300;0,806;3,664;1,397
78,982;3,300;0,806;3,665;1,398
79,082;3,300;0,807;3,666;1,398
79,182;3,300;0,806;3,665;1,398
79,282;3,300;0,806;3,664;1,398
79,382;3,300;0,806;3,663;1,398
79,482;3,300;0,806;3,664;1,398
79,582;3,300;0,806;3,665;1,398
79,682;3,300;0,806;3,666;1,398
79,782;3,300;0,807;3,667;1,397
79,882;3,300;0,806;3,664;1,398
79,982;3,300;0,806;3,663;1,397
80,082;3,300;0,806;3,663;1,398
80,182;3,300;0,806;3,665;1,397
80,282;3,300;0,807;3,668;1,397
80,382;3,300;0,806;3,664;1,397
80,482;3,300;0,806;3,663;1,397
80,582;3,300;0,806;3,665;1,397
80,682;3,300;0,807;3,667;1,397
80,782;3,300;0,807;3,668;1,397
80,882;3,300;0,806;3,663;1,397
80,982;3,300;0,806;3,665;1,397
81,082;3,300;0,807;3,667;1,397
81,182;3,300;0,807;3,669;1,397
81,282;3,300;0,806;3,664;1,397
81,382;3,300;0,806;3,665;1,396
81,482;3,300;0,807;3,667;1,396
81,582;3,300;0,807;3,668;1,396
81,682;3,300;0,806;3,663;1,396
81,782;3,300;0,807;3,666;1,396
81,882;3,300;0,807;3,669;1,396
81,982;3,300;0,806;3,664;1,396
82,082;3,300;0,806;3,665;1,395
82,182;3,300;0,807;3,669;1,395
82,282;3,300;0,806;3,665;1,395
82,382;3,300;0,806;3,665;1,395
82,482;3,300;0,807;3,668;1,395
82,582;3,300;0,806;3,665;1,395
82,682;3,300;0,806;3,665;1,395
82,782;3,300;0,807;3,669;1,395
82,882;3,300;0,806;3,663;1,395
82,982;3,300;0,807;3,667;1,395
83,082;3,300;0,807;3,669;1,395
83,182;3,300;0,806;3,663;1,395
83,282;3,300;0,807;3,669;1,395
83,382;3,300;0,806;3,665;1,394
83,482;3,300;0,807;3,666;1,394
83,582;3,300;0,807;3,668;1,394
83,682;3,300;0,806;3,666;1,394
83,782;3,300;0,807;3,670;1,394
83,882;3,300;0,806;3,663;1,394
83,982;3,300;0,807;3,669;1,394
84,082;3,300;0,806;3,664;1,394
84,182;3,300;0,807;3,668;1,394
84,282;3,300;0,806;3,665;1,394
84,382;3,300;0,806;3,665;1,394
84,482;3,300;0,807;3,667;1,394
84,582;3,300;0,806;3,664;1,393
84,682;3,300;0,807;3,669;1,394
84,782;3,300;0,806;3,663;1,393
84,882;3,300;0,807;3,669;1,393
84,982;3,300;0,806;3,663;1,393
85,082;3,300;0,807;3,667;1,393
85,182;3,300;0,806;3,665;1,393
85,282;3,300;0,807;3,666;1,393
85,382;3,300;0,807;3,666;1,393
85,482;3,300;0,807;3,666;1,393
85,582;3,300;0,807;3,667;1,393
85,681;3,300;0,806;3,666;1,393
85,781;3,300;0,807;3,668;1,393
85,881;3,300;0,806;3,665;1,393
85,981;3,300;0,807;3,668;1,393
86,081;3,300;0,806;3,664;1,393
86,181;3,300;0,807;3,669;1,393
86,281;3,300;0,806;3,663;1,393
86,381;3,300;0,807;3,669;1,393
86,481;3,300;0,806;3,662;1,392
86,581;3,300;0,807;3,669;1,392
86,681;3,300;0,806;3,662;1,393
86,781;3,300;0,807;3,668;1,393
86,881;3,300;0,806;3,662;1,392
86,981;3,300;0,807;3,667;1,393
87,081;3,300;0,806;3,663;1,392
87,181;3,300;0,806;3,664;1,392
87,281;3,300;0,807;3,666;1,392
87,381;3,300;0,806;3,663;1,392
87,481;3,300;0,807;3,668;1,392
87,581;3,300;0,806;3,662;1,392
87,681;3,300;0,807;3,668;1,392
87,781;3,300;0,806;3,662;1,392
87,881;3,300;0,807;3,668;1,392
87,981;3,300;0,806;3,662;1,392
88,081;3,300;0,807;3,669;1,392
88,181;3,300;0,806;3,663;1,392
88,281;3,300;0,807;3,669;1,392
88,381;3,300;0,806;3,662;1,392
88,481;3,300;0,807;3,669;1,392
88,581;3,300;0,806;3,662;1,392
88,681;3,300;0,807;3,669;1,392
88,781;3,300;0,806;3,662;1,392
88,881;3,300;0,807;3,668;1,392
88,981;3,300;0,806;3,663;1,392
89,081;3,300;0,807;3,667;1,392
89,181;3,300;0,806;3,665;1,392
89,281;3,300;0,807;3,666;1,392
89,381;3,300;0,807;3,667;1,392
89,481;3,300;0,806;3,665;1,392
89,581;3,300;0,807;3,669;1,392
89,681;3,300;0,806;3,663;1,392
89,781;3,300;0,807;3,670;1,392
89,881;3,300;0,806;3,662;1,392
89,981;3,300;0,807;3,669;1,392
90,081;3,300;0,806;3,663;1,392
90,181;3,300;0,807;3,669;1,392
90,281;3,300;0,806;3,664;1,392
90,381;3,300;0,807;3,668;1,392
90,481;3,300;0,807;3,666;1,392
90,581;3,300;0,807;3,666;1,391
90,681;3,300;0,807;3,667;1,391
90,781;3,300;0,806;3,664;1,391
90,881;3,300;0,807;3,669;1,391
90,981;3,300;0,806;3,663;1,391
91,081;3,300;0,807;3,670;1,391
91,181;3,300;0,806;3,663;1,391
91,281;3,300;0,807;3,670;1,391
91,381;3,300;0,806;3,663;1,391
91,481;3,300;0,807;3,669;1,391
91,581;3,300;0,806;3,662;1,391
91,681;3,300;0,807;3,669;1,391
91,781;3,300;0,806;3,662;1,391
91,881;3,300;0,807;3,669;1,391
91,981;3,300;0,806;3,662;1,391
92,081;3,300;0,807;3,668;1,391
92,181;3,300;0,806;3,663;1,391
92,281;3,300;0,807;3,667;1,391
92,381;3,300;0,806;3,663;1,391
92,481;3,300;0,807;3,667;1,391
92,581;3,300;0,806;3,663;1,391
92,681;3,300;0,807;3,666;1,391
92,781;3,300;0,806;3,664;1,391
92,881;3,300;0,806;3,664;1,391
92,981;3,300;0,806;3,665;1,391
93,081;3,300;0,806;3,662;1,391
93,181;3,300;0,807;3,667;1,391
93,281;3,300;0,805;3,660;1,391
93,381;3,300;0,807;3,667;1,391
93,481;3,300;0,805;3,660;1,391
93,581;3,300;0,807;3,666;1,391
93,681;3,300;0,805;3,661;1,391
93,781;3,300;0,806;3,665;1,391
93,881;3,300;0,806;3,661;1,391
93,981;3,300;0,806;3,664;1,391
94,081;3,300;0,806;3,662;1,391
94,181;3,300;0,806;3,664;1,391
94,281;3,300;0,806;3,662;1,391
94,381;3,300;0,806;3,663;1,391
94,481;3,300;0,806;3,662;1,391
94,581;3,300;0,806;3,662;1,391
94,681;3,300;0,806;3,663;1,391
94,781;3,300;0,806;3,661;1,391
94,881;3,300;0,806;3,665;1,391
94,981;3,300;0,806;3,662;1,391
95,081;3,300;0,806;3,665;1,391
95,181;3,300;0,806;3,662;1,391
95,281;3,300;0,806;3,666;1,391
95,381;3,300;0,806;3,662;1,391
95,481;3,300;0,806;3,665;1,391
95,581;3,300;0,805;3,661;1,391
95,681;3,300;0,807;3,667;1,391
95,781;3,300;0,805;3,660;1,391
95,881;3,300;0,807;3,667;1,391
95,981;3,300;0,805;3,661;1,390
96,081;3,300;0,806;3,666;1,390
96,182;3,300;0,806;3,665;1,391
96,282;3,300;0,806;3,663;1,391
96,382;3,300;0,807;3,667;1,391
96,482;3,300;0,805;3,660;1,390
96,588;3,300;0,806;3,665;1,390
96,682;3,300;0,806;3,661;1,390
96,782;3,300;0,806;3,663;1,391
96,882;3,300;0,806;3,664;1,391
96,982;3,300;0,805;3,661;1,390
97,082;3,300;0,806;3,665;1,390
97,182;3,300;0,805;3,659;1,390
97,282;3,300;0,807;3,666;1,390
97,382;3,300;0,805;3,659;1,390
97,482;3,300;0,806;3,665;1,390
97,582;3,300;0,805;3,660;1,390
97,682;3,300;0,806;3,664;1,390
97,782;3,300;0,806;3,662;1,390
97,882;3,300;0,806;3,662;1,390
97,982;3,300;0,806;3,664;1,390
98,082;3,300;0,805;3,660;1,390
98,182;3,300;0,806;3,665;1,390
98,282;3,300;0,805;3,659;1,390
98,382;3,300;0,805;3,661;1,390
98,482;3,300;0,805;3,661;1,390
98,582;3,300;0,806;3,664;1,390
98,682;3,300;0,805;3,659;1,390
98,782;3,300;0,806;3,665;1,390
98,882;3,300;0,805;3,659;1,390
98,982;3,300;0,806;3,664;1,390
99,082;3,300;0,806;3,663;1,390
99,182;3,300;0,805;3,660;1,390
99,282;3,300;0,807;3,667;1,390
99,382;3,300;0,805;3,659;1,390
99,482;3,300;0,806;3,664;1,390
99,582;3,300;0,806;3,663;1,390
99,682;3,300;0,805;3,660;1,390
99,782;3,300;0,806;3,666;1,390
99,882;3,300;0,805;3,659;1,390
99,982;3,300;0,806;3,663;1,390
100,082;3,300;0,806;3,662;1,390
100,182;3,300;0,805;3,660;1,390
100,282;3,300;0,806;3,665;1,390
100,382;3,300;0,805;3,659;1,390
100,482;3,300;0,806;3,662;1,390
100,582;3,300;0,806;3,665;1,390
100,682;3,300;0,805;3,658;1,390
100,782;3,300;0,806;3,662;1,390
100,882;3,300;0,806;3,662;1,390
100,982;3,300;0,805;3,659;1,390
101,082;3,300;0,806;3,663;1,390
101,182;3,300;0,805;3,659;1,390
101,282;3,300;0,805;3,660;1,390
101,382;3,300;0,806;3,664;1,390
101,482;3,300;0,805;3,658;1,390
101,582;3,300;0,806;3,663;1,390
101,682;3,300;0,805;3,660;1,390
101,782;3,300;0,805;3,659;1,390
101,882;3,300;0,806;3,664;1,390
101,982;3,300;0,805;3,657;1,390
102,082;3,300;0,806;3,663;1,390
102,182;3,300;0,805;3,659;1,390
102,282;3,300;0,805;3,660;1,390
102,382;3,300;0,805;3,661;1,390
102,482;3,300;0,805;3,658;1,390
102,582;3,300;0,806;3,663;1,390
102,682;3,300;0,804;3,657;1,390
102,782;3,300;0,805;3,661;1,390
102,882;3,300;0,806;3,662;1,390
102,982;3,300;0,805;3,659;1,390
103,082;3,300;0,806;3,664;1,390
103,181;3,300;0,805;3,657;1,390
103,281;3,300;0,805;3,661;1,390
103,381;3,300;0,806;3,662;1,390
103,481;3,300;0,805;3,657;1,390
103,581;3,300;0,806;3,663;1,390
103,681;3,300;0,805;3,658;1,390
103,781;3,300;0,805;3,661;1,390
103,881;3,300;0,805;3,661;1,390
103,981;3,300;0,805;3,659;1,390
104,081;3,300;0,806;3,664;1,390
104,181;3,300;0,804;3,656;1,390
104,281;3,300;0,806;3,662;1,390
104,381;3,300;0,805;3,658;1,390
104,481;3,300;0,805;3,660;1,390
104,581;3,300;0,806;3,662;1,390
104,681;3,300;0,805;3,657;1,390
104,781;3,300;0,806;3,663;1,390
104,881;3,300;0,804;3,657;1,390
104,981;3,300;0,805;3,661;1,390
105,081;3,300;0,805;3,659;1,390
105,181;3,300;0,805;3,659;1,390
105,281;3,300;0,806;3,663;1,390
105,381;3,300;0,804;3,656;1,390
105,481;3,300;0,806;3,662;1,390
105,581;3,300;0,805;3,659;1,390
105,681;3,300;0,805;3,660;1,390
105,781;3,300;0,806;3,662;1,390
105,881;3,300;0,805;3,657;1,390
105,981;3,300;0,806;3,662;1,390
106,081;3,300;0,805;3,657;1,390
106,181;3,300;0,805;3,660;1,390
106,281;3,300;0,805;3,661;1,390
106,381;3,300;0,805;3,657;1,390
106,481;3,300;0,806;3,663;1,390
106,581;3,300;0,805;3,659;1,390
106,681;3,300;0,805;3,660;1,390
106,781;3,300;0,806;3,663;1,390
106,881;3,300;0,804;3,657;1,390
106,981;3,300;0,805;3,661;1,390
107,081;3,300;0,805;3,660;1,390
107,181;3,300;0,805;3,658;1,390
107,281;3,300;0,806;3,663;1,390
107,381;3,300;0,805;3,657;1,390
107,481;3,300;0,805;3,660;1,390
107,581;3,300;0,806;3,662;1,390
107,681;3,300;0,804;3,657;1,390
107,781;3,300;0,806;3,662;1,390
107,881;3,300;0,804;3,655;1,390
107,981;3,300;0,805;3,660;1,390
108,081;3,300;0,805;3,657;1,390
108,181;3,300;0,805;3,658;1,390
108,281;3,300;0,805;3,659;1,390
108,381;3,300;0,805;3,657;1,390
108,481;3,300;0,805;3,659;1,390
108,581;3,300;0,804;3,656;1,390
108,681;3,300;0,805;3,660;1,390
108,781;3,300;0,804;3,655;1,390
108,881;3,300;0,805;3,661;1,390
108,981;3,300;0,804;3,653;1,390
109,081;3,300;0,805;3,660;1,390
109,181;3,300;0,804;3,654;1,390
109,281;3,300;0,805;3,660;1,390
109,381;3,300;0,804;3,654;1,390
109,481;3,300;0,805;3,659;1,390
109,581;3,300;0,804;3,656;1,390
109,681;3,300;0,805;3,657;1,390
109,781;3,300;0,804;3,657;1,390
109,881;3,300;0,804;3,656;1,390
109,981;3,300;0,805;3,658;1,390
110,081;3,300;0,804;3,655;1,390
110,181;3,300;0,805;3,659;1,390
110,281;3,300;0,804;3,654;1,390
110,381;3,300;0,805;3,659;1,390
110,481;3,300;0,804;3,653;1,390
110,581;3,300;0,805;3,659;1,390
110,681;3,300;0,803;3,651;1,390
110,781;3,300;0,805;3,658;1,390
110,881;3,300;0,803;3,651;1,390
110,981;3,300;0,805;3,657;1,390
111,081;3,300;0,803;3,652;1,390
111,181;3,300;0,804;3,656;1,390
111,281;3,300;0,803;3,652;1,390
111,381;3,300;0,804;3,655;1,390
111,481;3,300;0,804;3,653;1,390
111,581;3,300;0,804;3,653;1,390
111,681;3,300;0,803;3,651;1,390
111,781;3,300;0,804;3,655;1,390
111,881;3,300;0,804;3,653;1,390
111,981;3,300;0,804;3,654;1,390
112,081;3,300;0,804;3,655;1,390
112,181;3,300;0,804;3,653;1,390
112,281;3,300;0,804;3,656;1,390
112,381;3,300;0,803;3,651;1,390
112,481;3,300;0,804;3,656;1,390
112,581;3,300;0,803;3,650;1,390
112,681;3,300;0,804;3,654;1,390
112,781;3,300;0,804;3,653;1,390
112,881;3,300;0,804;3,655;1,390
112,981;3,300;0,803;3,651;1,390
113,081;3,300;0,804;3,655;1,390
113,181;3,300;0,803;3,650;1,390
113,281;3,300;0,804;3,655;1,390
113,381;3,300;0,803;3,650;1,390
113,481;3,300;0,804;3,656;1,390
113,581;3,300;0,803;3,650;1,390
113,682;3,300;0,804;3,655;1,390
113,782;3,300;0,803;3,649;1,390
113,882;3,300;0,804;3,654;1,390
113,982;3,300;0,803;3,650;1,390
114,082;3,300;0,804;3,653;1,390
114,182;3,300;0,803;3,650;1,390
114,282;3,300;0,804;3,653;1,390
114,382;3,300;0,803;3,650;1,390
114,482;3,300;0,804;3,653;1,390
114,582;3,300;0,803;3,652;1,390
114,682;3,300;0,804;3,653;1,390
114,782;3,300;0,803;3,652;1,390
114,882;3,300;0,803;3,652;1,390
114,982;3,300;0,803;3,652;1,390
115,082;3,300;0,803;3,651;1,390
115,182;3,300;0,804;3,654;1,390
115,282;3,300;0,803;3,651;1,390
115,382;3,300;0,803;3,651;1,390
115,482;3,300;0,803;3,650;1,390
115,582;3,300;0,804;3,653;1,390
115,682;3,300;0,803;3,652;1,390
115,782;3,300;0,803;3,651;1,390
115,882;3,300;0,804;3,653;1,390
115,982;3,300;0,803;3,649;1,390
116,082;3,300;0,804;3,655;1,390
116,182;3,300;0,803;3,648;1,390
116,282;3,300;0,804;3,655;1,390
116,382;3,300;0,803;3,649;1,390
116,482;3,300;0,804;3,653;1,390
116,582;3,300;0,803;3,651;1,390
116,682;3,300;0,803;3,652;1,390
116,782;3,300;0,804;3,653;1,390
116,882;3,300;0,803;3,651;1,390
116,982;3,300;0,804;3,655;1,390
117,082;3,300;0,803;3,649;1,390
117,182;3,300;0,804;3,655;1,390
117,282;3,300;0,803;3,649;1,390
117,382;3,300;0,804;3,654;1,390
117,482;3,300;0,803;3,651;1,390
117,582;3,300;0,803;3,652;1,390
117,682;3,300;0,804;3,653;1,390
117,782;3,300;0,803;3,651;1,390
117,882;3,300;0,804;3,654;1,390
117,982;3,300;0,803;3,651;1,389
118,082;3,300;0,804;3,654;1,390
118,182;3,300;0,803;3,649;1,390
118,282;3,300;0,804;3,655;1,390
118,382;3,300;0,803;3,648;1,390
118,482;3,300;0,804;3,656;1,390
118,582;3,300;0,803;3,649;1,389
118,682;3,300;0,804;3,656;1,390
118,782;3,300;0,803;3,648;1,390
118,882;3,300;0,804;3,655;1,390
118,982;3,300;0,802;3,648;1,390
119,082;3,300;0,804;3,655;1,390
119,182;3,300;0,803;3,648;1,390
119,282;3,300;0,803;3,652;1,390
119,382;3,300;0,803;3,650;1,390
119,482;3,300;0,803;3,650;1,390
119,582;3,300;0,804;3,653;1,390
119,682;3,300;0,802;3,647;1,390
119,782;3,300;0,804;3,653;1,389
119,882;3,300;0,802;3,647;1,390
119,982;3,300;0,803;3,652;1,390
120,082;3,300;0,803;3,648;1,389
120,182;3,300;0,803;3,651;1,390
120,282;3,300;0,803;3,650;1,390
120,382;3,300;0,803;3,650;1,389
120,482;3,300;0,804;3,653;1,390
120,582;3,300;0,802;3,646;1,390
120,681;3,300;0,803;3,650;1,390
120,781;3,300;0,804;3,652;1,389
120,881;3,300;0,802;3,646;1,390
120,981;3,300;0,803;3,649;1,390
121,081;3,300;0,803;3,652;1,390
121,181;3,300;0,802;3,646;1,390
121,281;3,300;0,803;3,650;1,389
121,381;3,300;0,803;3,652;1,390
121,481;3,300;0,802;3,645;1,390
121,581;3,300;0,803;3,649;1,389
121,681;3,300;0,803;3,652;1,389
121,781;3,300;0,802;3,646;1,389
121,881;3,300;0,803;3,649;1,390
121,981;3,300;0,802;3,645;1,390
122,081;3,300;0,803;3,652;1,390
122,181;3,300;0,802;3,648;1,389
122,281;3,300;0,803;3,648;1,389
122,381;3,300;0,803;3,651;1,389
122,481;3,300;0,803;3,650;1,390
122,581;3,300;0,802;3,646;1,389
122,681;3,300;0,803;3,648;1,389
122,781;3,300;0,803;3,650;1,390
122,881;3,300;0,803;3,649;1,389
122,981;3,300;0,802;3,646;1,389
123,081;3,300;0,803;3,648;1,389
123,181;3,300;0,803;3,650;1,389
123,281;3,300;0,802;3,648;1,389
123,381;3,300;0,802;3,646;1,389
123,481;3,300;0,803;3,648;1,389
123,581;3,300;0,802;3,647;1,390
123,681;3,300;0,803;3,650;1,389
123,781;3,300;0,802;3,646;1,389
123,881;3,300;0,802;3,646;1,389
123,981;3,300;0,802;3,648;1,390
124,081;3,300;0,803;3,648;1,389
124,181;3,300;0,803;3,648;1,390
124,281;3,300;0,802;3,645;1,389
124,381;3,300;0,802;3,646;1,389
124,481;3,300;0,803;3,649;1,389
124,581;3,300;0,803;3,650;1,389
124,681;3,300;0,802;3,645;1,389
124,781;3,300;0,802;3,646;1,389
124,881;3,300;0,803;3,648;1,389
124,981;3,300;0,803;3,649;1,389
125,081;3,300;0,803;3,648;1,389
125,181;3,300;0,802;3,645;1,389
125,281;3,300;0,802;3,646;1,389
125,381;3,300;0,802;3,647;1,389
125,481;3,300;0,803;3,649;1,390
125,581;3,300;0,803;3,648;1,389
125,681;3,300;0,802;3,644;1,389
125,781;3,300;0,802;3,646;1,389
125,881;3,300;0,802;3,647;1,389
125,981;3,300;0,803;3,649;1,390
126,081;3,300;0,802;3,647;1,389
126,181;3,300;0,802;3,644;1,389
126,298;3,300;0,802;3,645;1,389
126,381;3,300;0,802;3,647;1,389
126,481;3,300;0,802;3,647;1,389
126,581;3,300;0,802;3,646;1,390
126,681;3,300;0,802;3,644;1,389
126,781;3,300;0,802;3,645;1,389
126,881;3,300;0,802;3,646;1,390
126,981;3,300;0,802;3,647;1,389
127,081;3,300;0,802;3,643;1,389
127,181;3,300;0,802;3,643;1,390
127,281;3,300;0,802;3,645;1,389
127,381;3,300;0,802;3,646;1,390
127,481;3,300;0,802;3,646;1,389
127,581;3,300;0,802;3,643;1,389
127,681;3,300;0,801;3,643;1,389
127,781;3,300;0,802;3,644;1,389
127,881;3,300;0,802;3,643;1,389
127,981;3,300;0,802;3,644;1,389
128,081;3,300;0,802;3,645;1,389
128,181;3,300;0,802;3,646;1,389
128,281;3,300;0,802;3,646;1,389
128,381;3,300;0,802;3,645;1,389
128,481;3,300;0,801;3,642;1,390
128,581;3,300;0,801;3,642;1,389
128,681;3,300;0,801;3,643;1,389
128,781;3,300;0,801;3,643;1,389
128,881;3,300;0,802;3,644;1,389
128,981;3,300;0,802;3,643;1,390
129,081;3,300;0,802;3,644;1,389
129,181;3,300;0,802;3,644;1,389
129,281;3,300;0,802;3,643;1,389
129,381;3,300;0,801;3,642;1,389
129,481;3,300;0,801;3,642;1,389
129,581;3,300;0,801;3,643;1,389
129,681;3,300;0,802;3,644;1,389
129,781;3,300;0,802;3,644;1,389
129,881;3,300;0,802;3,644;1,389
129,981;3,300;0,802;3,644;1,389
130,081;3,300;0,802;3,644;1,389
130,181;3,300;0,802;3,644;1,389
130,281;3,300;0,802;3,644;1,389
130,381;3,300;0,802;3,643;1,389
130,481;3,300;0,801;3,643;1,389
130,581;3,300;0,801;3,643;1,389
130,681;3,300;0,802;3,644;1,389
130,781;3,300;0,802;3,644;1,389
130,881;3,300;0,802;3,644;1,390
130,981;3,300;0,802;3,643;1,389
131,081;3,300;0,801;3,643;1,389
131,182;3,300;0,801;3,643;1,389
131,282;3,300;0,802;3,643;1,389
131,382;3,300;0,802;3,644;1,389
131,482;3,300;0,802;3,644;1,389
131,582;3,300;0,802;3,644;1,389
131,682;3,300;0,802;3,643;1,389
131,782;3,300;0,802;3,644;1,389
131,882;3,300;0,802;3,643;1,389
131,982;3,300;0,801;3,643;1,389
132,082;3,300;0,801;3,643;1,389
132,182;3,300;0,801;3,643;1,390
132,282;3,300;0,801;3,643;1,389
132,382;3,300;0,802;3,643;1,389
132,482;3,300;0,802;3,643;1,389
132,582;3,300;0,801;3,643;1,389
132,682;3,300;0,801;3,643;1,389
132,782;3,300;0,801;3,642;1,389
132,882;3,300;0,801;3,643;1,389
132,982;3,300;0,801;3,643;1,389
133,082;3,300;0,801;3,641;1,390
133,182;3,300;0,801;3,641;1,390
133,282;3,300;0,801;3,641;1,389
133,382;3,300;0,801;3,642;1,389
133,482;3,300;0,801;3,642;1,389
133,582;3,300;0,801;3,643;1,389
133,682;3,300;0,802;3,644;1,389
133,782;3,300;0,801;3,641;1,389
133,882;3,300;0,801;3,640;1,390
133,982;3,300;0,801;3,641;1,389
134,082;3,300;0,801;3,642;1,389
134,182;3,300;0,801;3,643;1,389
134,282;3,300;0,801;3,643;1,389
134,382;3,300;0,801;3,643;1,389
134,482;3,300;0,801;3,643;1,389
134,582;3,300;0,801;3,643;1,389
134,682;3,300;0,801;3,643;1,389
134,782;3,300;0,801;3,643;1,389
134,882;3,300;0,801;3,642;1,389
134,982;3,300;0,801;3,642;1,389
135,082;3,300;0,801;3,640;1,389
135,182;3,300;0,801;3,640;1,389
135,282;3,300;0,801;3,640;1,390
135,382;3,300;0,801;3,641;1,389
135,482;3,300;0,801;3,641;1,389
135,582;3,300;0,801;3,641;1,389
135,682;3,300;0,801;3,641;1,389
135,782;3,300;0,801;3,641;1,389
135,882;3,300;0,801;3,641;1,389
135,982;3,300;0,801;3,639;1,389
136,082;3,300;0,800;3,638;1,389
136,182;3,300;0,801;3,639;1,389
136,282;3,300;0,801;3,641;1,389
136,382;3,300;0,801;3,642;1,390
136,482;3,300;0,800;3,637;1,389
136,582;3,300;0,801;3,639;1,389
136,682;3,300;0,801;3,640;1,390
136,782;3,300;0,800;3,635;1,389
136,882;3,300;0,800;3,638;1,389
136,982;3,300;0,801;3,639;1,389
137,082;3,300;0,800;3,635;1,389
137,182;3,300;0,800;3,638;1,389
137,282;3,300;0,801;3,640;1,389
137,382;3,300;0,800;3,635;1,389
137,482;3,300;0,801;3,640;1,389
137,582;3,300;0,800;3,636;1,389
137,682;3,300;0,800;3,638;1,389
137,782;3,300;0,800;3,637;1,389
137,882;3,300;0,800;3,637;1,389
137,982;3,300;0,801;3,640;1,389
138,082;3,300;0,800;3,635;1,389
138,181;3,300;0,800;3,638;1,389
138,281;3,300;0,800;3,638;1,389
138,381;3,300;0,800;3,636;1,389
138,481;3,300;0,801;3,639;1,390
138,581;3,300;0,799;3,633;1,389
138,681;3,300;0,801;3,639;1,389
138,781;3,300;0,799;3,634;1,389
138,881;3,300;0,801;3,640;1,389
138,981;3,300;0,799;3,633;1,389
139,081;3,300;0,800;3,638;1,389
139,181;3,300;0,799;3,633;1,389
139,281;3,300;0,800;3,637;1,389
139,381;3,300;0,799;3,634;1,389
139,481;3,300;0,800;3,635;1,389
139,581;3,300;0,800;3,637;1,390
139,681;3,300;0,799;3,633;1,389
139,781;3,300;0,800;3,637;1,389
139,881;3,300;0,799;3,633;1,389
139,981;3,300;0,799;3,633;1,390
140,081;3,300;0,800;3,637;1,389
140,181;3,300;0,799;3,631;1,389
140,281;3,300;0,799;3,634;1,389
140,381;3,300;0,799;3,634;1,390
140,481;3,300;0,799;3,631;1,389
140,581;3,300;0,800;3,636;1,389
140,681;3,300;0,799;3,630;1,389
140,781;3,300;0,800;3,636;1,389
140,881;3,300;0,799;3,631;1,389
140,981;3,300;0,800;3,636;1,389
141,081;3,300;0,799;3,630;1,389
141,181;3,300;0,800;3,635;1,390
141,281;3,300;0,799;3,630;1,390
141,381;3,300;0,799;3,631;1,389
141,481;3,300;0,800;3,635;1,389
141,581;3,300;0,798;3,630;1,389
141,681;3,300;0,799;3,631;1,389
141,781;3,300;0,799;3,634;1,389
141,881;3,300;0,798;3,629;1,389
141,981;3,300;0,800;3,634;1,390
142,081;3,300;0,798;3,628;1,389
142,181;3,300;0,799;3,631;1,389
142,281;3,300;0,799;3,633;1,389
142,381;3,300;0,798;3,628;1,389
142,481;3,300;0,799;3,632;1,389
142,581;3,300;0,799;3,633;1,389
142,681;3,300;0,798;3,629;1,389
142,781;3,300;0,799;3,633;1,389
142,881;3,300;0,799;3,633;1,390
142,981;3,300;0,798;3,629;1,389
143,081;3,300;0,799;3,631;1,390
143,181;3,300;0,799;3,631;1,390
143,281;3,300;0,799;3,631;1,389
143,381;3,300;0,799;3,633;1,390
143,481;3,300;0,799;3,630;1,390
143,581;3,300;0,799;3,630;1,389
143,681;3,300;0,799;3,630;1,390
143,781;3,300;0,799;3,631;1,389
143,881;3,300;0,799;3,631;1,389
143,981;3,300;0,799;3,631;1,389
144,081;3,300;0,799;3,632;1,390
144,181;3,300;0,799;3,632;1,389
144,281;3,300;0,799;3,631;1,390
144,381;3,300;0,799;3,630;1,389
144,481;3,300;0,799;3,632;1,389
144,581;3,300;0,799;3,633;1,389
144,681;3,300;0,799;3,632;1,389
144,781;3,300;0,799;3,630;1,389
144,881;3,300;0,799;3,630;1,389
144,981;3,300;0,798;3,629;1,389
145,081;3,300;0,798;3,630;1,389
145,181;3,300;0,798;3,629;1,390
145,281;3,300;0,798;3,629;1,389
145,381;3,300;0,799;3,630;1,389
145,481;3,300;0,799;3,631;1,390
145,581;3,300;0,799;3,632;1,389
145,681;3,300;0,799;3,630;1,390
145,781;3,300;0,798;3,629;1,389
145,881;3,300;0,799;3,630;1,389
145,981;3,300;0,799;3,631;1,390
146,081;3,300;0,799;3,631;1,389
146,181;3,300;0,799;3,631;1,389
146,281;3,300;0,798;3,629;1,389
146,381;3,300;0,798;3,629;1,389
146,481;3,300;0,799;3,630;1,390
146,581;3,300;0,799;3,631;1,390
146,681;3,300;0,799;3,630;1,390
146,781;3,300;0,798;3,628;1,390
146,881;3,300;0,798;3,628;1,389
146,981;3,300;0,798;3,628;1,390
147,081;3,300;0,798;3,628;1,390
147,181;3,300;0,798;3,628;1,389
147,281;3,300;0,798;3,628;1,389
147,381;3,300;0,798;3,628;1,390
147,481;3,300;0,798;3,628;1,389
147,581;3,300;0,798;3,629;1,390
147,681;3,300;0,798;3,630;1,390
147,781;3,300;0,799;3,630;1,389
147,881;3,300;0,798;3,629;1,390
147,981;3,300;0,798;3,628;1,390
148,081;3,300;0,799;3,630;1,389
148,181;3,300;0,798;3,628;1,389
148,281;3,300;0,798;3,628;1,390
148,381;3,300;0,798;3,629;1,390
148,481;3,300;0,798;3,629;1,389
148,581;3,300;0,798;3,629;1,390
148,682;3,300;0,798;3,628;1,389
148,782;3,300;0,798;3,629;1,390
148,882;3,300;0,798;3,629;1,390
148,982;3,300;0,798;3,629;1,390
149,082;3,300;0,798;3,629;1,390
149,182;3,300;0,799;3,630;1,389
149,282;3,300;0,798;3,629;1,390
149,382;3,300;0,798;3,629;1,390
149,482;3,300;0,798;3,627;1,390
149,582;3,300;0,798;3,627;1,389
149,682;3,300;0,798;3,627;1,390
149,782;3,300;0,798;3,628;1,389
149,882;3,300;0,798;3,627;1,390
149,982;3,300;0,798;3,628;1,390
150,082;3,300;0,798;3,628;1,390
150,182;3,300;0,798;3,628;1,390
150,282;3,300;0,798;3,627;1,390
150,382;3,300;0,798;3,628;1,389
150,482;3,300;0,798;3,628;1,390
150,582;3,300;0,798;3,629;1,390
150,682;3,300;0,798;3,629;1,390
150,782;3,300;0,798;3,627;1,389
150,882;3,300;0,798;3,626;1,390
150,982;3,300;0,798;3,626;1,389
151,082;3,300;0,798;3,627;1,389
151,182;3,300;0,798;3,628;1,390
151,282;3,300;0,798;3,629;1,390
151,382;3,300;0,798;3,629;1,390
151,482;3,300;0,798;3,627;1,389
151,582;3,300;0,798;3,626;1,390
151,682;3,300;0,798;3,627;1,390
151,782;3,300;0,798;3,628;1,389
151,882;3,300;0,799;3,630;1,390
151,982;3,300;0,798;3,626;1,390
152,082;3,300;0,798;3,626;1,390
152,182;3,300;0,798;3,628;1,389
152,282;3,300;0,798;3,628;1,390
152,382;3,300;0,798;3,626;1,390
152,482;3,300;0,798;3,626;1,390
152,582;3,300;0,798;3,626;1,390
152,682;3,300;0,798;3,627;1,390
152,782;3,300;0,798;3,627;1,390
152,882;3,300;0,798;3,627;1,390
152,982;3,300;0,798;3,627;1,390
153,082;3,300;0,797;3,622;1,390
153,182;3,300;0,798;3,627;1,390
153,282;3,300;0,798;3,627;1,390
153,382;3,300;0,798;3,625;1,390
153,482;3,300;0,797;3,624;1,389
153,582;3,300;0,797;3,625;1,390
153,682;3,300;0,797;3,624;1,390
153,782;3,300;0,797;3,625;1,390
153,882;3,300;0,798;3,626;1,390
153,982;3,300;0,798;3,625;1,390
154,082;3,300;0,797;3,623;1,389
154,182;3,300;0,797;3,623;1,390
154,282;3,300;0,797;3,624;1,390
154,382;3,300;0,797;3,624;1,390
154,482;3,300;0,798;3,625;1,390
154,582;3,300;0,798;3,626;1,389
154,682;3,300;0,797;3,623;1,389
154,782;3,300;0,797;3,623;1,390
154,882;3,300;0,796;3,620;1,390
154,982;3,300;0,797;3,624;1,390
155,082;3,300;0,796;3,620;1,390
155,182;3,300;0,797;3,623;1,390
155,282;3,300;0,797;3,622;1,389
155,382;3,300;0,797;3,621;1,390
155,482;3,300;0,797;3,623;1,390
155,582;3,300;0,797;3,622;1,389
155,681;3,300;0,797;3,621;1,390
155,781;3,300;0,797;3,624;1,390
155,881;3,300;0,796;3,619;1,390
155,981;3,300;0,797;3,623;1,390
156,081;3,300;0,797;3,621;1,390
156,181;3,300;0,796;3,620;1,390
156,281;3,300;0,797;3,623;1,389
156,381;3,300;0,796;3,619;1,390
156,481;3,300;0,797;3,621;1,390
156,581;3,300;0,796;3,619;1,390
156,681;3,300;0,797;3,621;1,389
156,781;3,300;0,796;3,617;1,390
156,881;3,300;0,797;3,621;1,389
156,981;3,300;0,796;3,616;1,390
157,081;3,300;0,797;3,621;1,390
157,181;3,300;0,796;3,616;1,390
157,281;3,300;0,796;3,620;1,390
157,381;3,300;0,796;3,618;1,389
157,481;3,300;0,796;3,618;1,389
157,581;3,300;0,796;3,619;1,390
157,681;3,300;0,796;3,619;1,389
157,781;3,300;0,796;3,620;1,390
157,881;3,300;0,796;3,617;1,389
157,981;3,300;0,797;3,621;1,390
158,081;3,300;0,796;3,616;1,390
158,181;3,300;0,796;3,620;1,390
158,281;3,300;0,796;3,619;1,390
158,381;3,300;0,795;3,616;1,389
158,481;3,300;0,796;3,618;1,390
158,581;3,300;0,796;3,617;1,389
158,681;3,300;0,796;3,617;1,389
158,781;3,300;0,796;3,618;1,389
158,881;3,300;0,796;3,618;1,390
158,981;3,300;0,795;3,616;1,390
159,081;3,300;0,796;3,617;1,389
159,181;3,300;0,796;3,619;1,390
159,281;3,300;0,796;3,617;1,390
159,381;3,300;0,795;3,615;1,390
159,481;3,300;0,796;3,617;1,389
159,581;3,300;0,796;3,619;1,389
159,681;3,300;0,795;3,615;1,390
159,781;3,300;0,796;3,618;1,390
159,881;3,300;0,796;3,618;1,390
159,981;3,300;0,796;3,616;1,389
160,081;3,300;0,796;3,620;1,390
160,181;3,300;0,795;3,615;1,390
160,281;3,300;0,796;3,620;1,389
160,381;3,300;0,796;3,616;1,390
160,481;3,300;0,795;3,615;1,390
160,581;3,300;0,796;3,618;1,390
160,681;3,300;0,796;3,617;1,389
160,781;3,300;0,795;3,615;1,390
160,881;3,300;0,796;3,617;1,389
160,981;3,300;0,796;3,616;1,390
161,081;3,300;0,796;3,617;1,389
161,181;3,300;0,795;3,613;1,389
161,281;3,300;0,795;3,614;1,390
161,381;3,300;0,795;3,615;1,389
161,481;3,300;0,796;3,616;1,390
161,581;3,300;0,795;3,615;1,389
161,681;3,300;0,796;3,616;1,390
161,781;3,300;0,795;3,615;1,389
161,881;3,300;0,795;3,614;1,390
161,981;3,300;0,795;3,614;1,390
162,081;3,300;0,795;3,614;1,390
162,181;3,300;0,795;3,614;1,390
162,281;3,300;0,795;3,614;1,389
162,381;3,300;0,795;3,615;1,390
162,481;3,300;0,795;3,615;1,389
162,581;3,300;0,795;3,615;1,389
162,681;3,300;0,795;3,615;1,390
162,781;3,300;0,795;3,613;1,390
162,881;3,300;0,795;3,613;1,389
162,981;3,300;0,795;3,615;1,390
163,081;3,300;0,795;3,616;1,390
163,181;3,300;0,795;3,612;1,389
163,281;3,300;0,795;3,614;1,389
163,381;3,300;0,795;3,614;1,389
163,481;3,300;0,795;3,614;1,390
163,581;3,300;0,795;3,614;1,390
163,681;3,300;0,795;3,613;1,389
163,781;3,300;0,795;3,613;1,390
163,881;3,300;0,795;3,614;1,390
163,981;3,300;0,795;3,614;1,390
164,081;3,300;0,795;3,614;1,390
164,181;3,300;0,795;3,613;1,390
164,281;3,300;0,795;3,612;1,390
164,381;3,300;0,794;3,611;1,390
164,481;3,300;0,795;3,612;1,390
164,581;3,300;0,795;3,612;1,389
164,681;3,300;0,795;3,613;1,390
164,781;3,300;0,795;3,613;1,389
164,881;3,300;0,795;3,614;1,390
164,981;3,300;0,795;3,613;1,390
165,081;3,300;0,794;3,610;1,390
165,181;3,300;0,795;3,612;1,390
165,281;3,300;0,795;3,614;1,390
165,381;3,300;0,794;3,611;1,390
165,481;3,300;0,794;3,611;1,390
165,581;3,300;0,795;3,614;1,390
165,681;3,300;0,795;3,613;1,390
165,781;3,300;0,794;3,610;1,390
165,881;3,300;0,795;3,612;1,390
165,981;3,300;0,795;3,613;1,390
166,081;3,300;0,795;3,614;1,390
166,182;3,300;0,794;3,611;1,390
166,282;3,300;0,794;3,611;1,390
166,382;3,300;0,795;3,613;1,390
166,482;3,300;0,795;3,612;1,390
166,582;3,300;0,794;3,611;1,390
166,682;3,300;0,795;3,612;1,390
166,782;3,300;0,795;3,612;1,390
166,882;3,300;0,794;3,611;1,390
166,982;3,300;0,795;3,613;1,390
167,082;3,300;0,794;3,609;1,389
167,182;3,300;0,794;3,611;1,390
167,282;3,300;0,795;3,612;1,390
167,382;3,300;0,794;3,609;1,390
167,482;3,300;0,795;3,612;1,390
167,582;3,300;0,795;3,612;1,390
167,682;3,300;0,794;3,609;1,390
167,782;3,300;0,795;3,612;1,389
167,882;3,300;0,794;3,608;1,390
167,982;3,300;0,794;3,611;1,389
168,082;3,300;0,795;3,611;1,390
168,182;3,300;0,794;3,610;1,389
168,282;3,300;0,795;3,613;1,390
168,382;3,300;0,794;3,609;1,389
168,482;3,300;0,795;3,613;1,389
168,582;3,300;0,794;3,609;1,390
168,682;3,300;0,795;3,612;1,390
168,782;3,300;0,795;3,612;1,390
168,882;3,300;0,794;3,611;1,389
168,982;3,300;0,795;3,613;1,389
169,082;3,300;0,795;3,613;1,390
169,182;3,300;0,794;3,611;1,390
169,282;3,300;0,795;3,614;1,390
169,382;3,300;0,794;3,609;1,390
169,482;3,300;0,795;3,613;1,390
169,582;3,300;0,794;3,609;1,389
169,682;3,300;0,795;3,613;1,389
169,782;3,300;0,794;3,610;1,390
169,882;3,300;0,795;3,611;1,390
169,982;3,300;0,794;3,611;1,390
170,082;3,300;0,794;3,609;1,390
170,182;3,300;0,794;3,611;1,390
170,282;3,300;0,795;3,612;1,390
170,382;3,300;0,794;3,611;1,390
170,482;3,300;0,794;3,609;1,390
170,582;3,300;0,794;3,610;1,390
170,682;3,300;0,794;3,611;1,390
170,782;3,300;0,794;3,610;1,389
170,882;3,300;0,794;3,610;1,390
170,982;3,300;0,794;3,611;1,390
171,082;3,300;0,794;3,611;1,390
171,182;3,300;0,794;3,610;1,390
171,282;3,300;0,794;3,610;1,389
171,382;3,300;0,794;3,609;1,389
171,482;3,300;0,794;3,608;1,390
171,582;3,300;0,794;3,609;1,389
171,682;3,300;0,794;3,610;1,389
171,782;3,300;0,794;3,611;1,390
171,882;3,300;0,794;3,608;1,390
171,982;3,300;0,793;3,607;1,390
172,082;3,300;0,794;3,609;1,390
172,182;3,300;0,794;3,611;1,390
172,282;3,300;0,794;3,608;1,390
172,382;3,300;0,794;3,610;1,390
172,482;3,300;0,794;3,609;1,390
172,582;3,300;0,794;3,609;1,390
172,682;3,300;0,795;3,612;1,390
172,782;3,300;0,794;3,607;1,390
172,882;3,300;0,794;3,611;1,390
172,982;3,300;0,794;3,609;1,389
173,081;3,300;0,794;3,611;1,389
173,181;3,300;0,794;3,609;1,390
173,281;3,300;0,794;3,611;1,390
173,381;3,300;0,794;3,608;1,390
173,481;3,300;0,795;3,611;1,390
173,581;3,300;0,794;3,608;1,390
173,681;3,300;0,794;3,611;1,390
173,781;3,300;0,794;3,610;1,390
173,881;3,300;0,794;3,608;1,390
173,981;3,300;0,794;3,611;1,390
174,081;3,300;0,794;3,607;1,390
174,181;3,300;0,795;3,612;1,390
174,281;3,300;0,794;3,608;1,390
174,381;3,300;0,794;3,611;1,390
174,481;3,300;0,794;3,608;1,390
174,581;3,300;0,794;3,608;1,389
174,681;3,300;0,794;3,611;1,390
174,781;3,300;0,794;3,608;1,390
174,881;3,300;0,794;3,609;1,390
174,981;3,300;0,794;3,610;1,390
175,081;3,300;0,794;3,607;1,389
175,181;3,300;0,794;3,610;1,390
175,281;3,300;0,794;3,608;1,390
175,381;3,300;0,794;3,608;1,390
175,481;3,300;0,794;3,610;1,390
175,581;3,300;0,793;3,607;1,390
175,681;3,300;0,794;3,608;1,390
175,781;3,300;0,794;3,609;1,390
175,881;3,300;0,794;3,609;1,390
175,981;3,300;0,794;3,609;1,389
176,081;3,300;0,794;3,608;1,390
176,181;3,300;0,794;3,608;1,389
176,289;3,300;0,794;3,609;1,390
176,381;3,300;0,794;3,608;1,390
176,481;3,300;0,794;3,609;1,390
176,581;3,300;0,794;3,608;1,390
176,681;3,300;0,794;3,608;1,389
176,781;3,300;0,794;3,608;1,390
176,881;3,300;0,794;3,608;1,390
176,981;3,300;0,794;3,608;1,390
177,081;3,300;0,794;3,607;1,390
177,181;3,300;0,794;3,608;1,390
177,281;3,300;0,794;3,608;1,390
177,381;3,300;0,794;3,608;1,390
177,481;3,300;0,794;3,608;1,390
177,581;3,300;0,794;3,609;1,390
177,681;3,300;0,794;3,609;1,390
177,781;3,300;0,794;3,610;1,390
177,881;3,300;0,794;3,607;1,389
177,981;3,300;0,794;3,608;1,389
178,081;3,300;0,794;3,608;1,389
178,181;3,300;0,794;3,609;1,390
178,281;3,300;0,794;3,608;1,390
178,381;3,300;0,794;3,607;1,390
178,481;3,300;0,793;3,606;1,389
178,581;3,300;0,793;3,607;1,390
178,681;3,300;0,794;3,607;1,390
178,781;3,300;0,794;3,609;1,390
178,881;3,300;0,794;3,609;1,389
178,981;3,300;0,794;3,607;1,389
179,081;3,300;0,793;3,607;1,390
179,181;3,300;0,794;3,610;1,390
179,281;3,300;0,793;3,607;1,389
179,381;3,300;0,794;3,610;1,389
179,481;3,300;0,793;3,606;1,390
179,581;3,300;0,794;3,609;1,389
179,681;3,300;0,794;3,608;1,389
179,781;3,300;0,793;3,607;1,390
179,881;3,300;0,794;3,610;1,390
179,981;3,300;0,794;3,608;1,390
180,081;3,300;0,794;3,608;1,390
180,181;3,300;0,794;3,607;1,389
180,281;3,300;0,794;3,609;1,389
180,381;3,300;0,794;3,609;1,390
180,481;3,300;0,794;3,607;1,390
180,581;3,300;0,794;3,608;1,390
180,681;3,300;0,794;3,609;1,390
180,781;3,300;0,793;3,606;1,389
180,881;3,300;0,794;3,608;1,390
180,981;3,300;0,794;3,609;1,390
181,081;3,300;0,794;3,609;1,389
181,181;3,300;0,794;3,608;1,390
181,281;3,300;0,794;3,608;1,390
181,381;3,300;0,794;3,608;1,390
181,481;3,300;0,794;3,608;1,390
181,581;3,300;0,794;3,608;1,390
181,681;3,300;0,794;3,607;1,389
181,781;3,300;0,794;3,607;1,390
181,881;3,300;0,794;3,611;1,390
181,981;3,300;0,794;3,607;1,390
182,081;3,300;0,795;3,612;1,390
182,181;3,300;0,794;3,609;1,390
182,281;3,300;0,795;3,611;1,390
182,381;3,300;0,795;3,612;1,390
182,481;3,300;0,794;3,610;1,390
182,581;3,300;0,794;3,610;1,390
182,681;3,300;0,795;3,612;1,390
182,781;3,300;0,794;3,610;1,390
182,881;3,300;0,794;3,609;1,390
182,981;3,300;0,795;3,612;1,389
183,081;3,300;0,795;3,612;1,390
183,181;3,300;0,794;3,611;1,389
183,281;3,300;0,794;3,608;1,390
183,381;3,300;0,794;3,609;1,390
183,481;3,300;0,794;3,611;1,389
183,582;3,300;0,794;3,611;1,390
183,682;3,300;0,793;3,607;1,390
183,782;3,300;0,794;3,608;1,390
183,882;3,300;0,793;3,607;1,390
183,982;3,300;0,794;3,611;1,390
184,082;3,300;0,793;3,607;1,390
184,182;3,300;0,794;3,610;1,390
184,282;3,300;0,794;3,611;1,390
184,382;3,300;0,794;3,610;1,390
184,482;3,300;0,795;3,612;1,390
184,582;3,300;0,795;3,612;1,390
184,682;3,300;0,795;3,611;1,390
184,782;3,300;0,795;3,615;1,390
184,882;3,300;0,794;3,611;1,390
184,982;3,300;0,795;3,613;1,390
185,082;3,300;0,795;3,612;1,390
185,182;3,300;0,794;3,610;1,390
185,282;3,300;0,795;3,612;1,390
185,382;3,300;0,795;3,614;1,390
185,482;3,300;0,794;3,610;1,390
185,582;3,300;0,795;3,613;1,389
185,682;3,300;0,795;3,613;1,389
185,782;3,300;0,794;3,610;1,390
185,882;3,300;0,794;3,611;1,390
185,982;3,300;0,795;3,613;1,389
186,082;3,300;0,794;3,611;1,389
186,182;3,300;0,795;3,613;1,390
186,282;3,300;0,794;3,610;1,389
186,382;3,300;0,795;3,612;1,390


